{"cameraMode":{"drawMode":0,"name":"Shaded","section":"Shading Mode"},"sceneLighting":false,"audioPlay":false,"sceneViewState":{"showFog":true,"showMaterialUpdate":false,"showSkybox":false,"showFlares":true,"showImageEffects":true,"showParticleSystems":true},"in2DMode":false,"pivot":{"x":-0.5270209312438965,"y":-12.67697811126709,"z":-2.2219741344451906},"rotation":{"x":-0.2729565501213074,"y":0.17679329216480256,"z":-0.94426429271698,"w":-0.051109760999679568},"size":3.009143829345703,"orthographic":false}