{"cameraMode":{"drawMode":0,"name":"Shaded","section":"Shading Mode"},"sceneLighting":false,"audioPlay":false,"sceneViewState":{"showFog":true,"showMaterialUpdate":false,"showSkybox":false,"showFlares":true,"showImageEffects":true,"showParticleSystems":true},"in2DMode":false,"pivot":{"x":-3.0436651706695558,"y":-11.459939956665039,"z":-2.3478879928588869},"rotation":{"x":-0.0432988740503788,"y":0.81549471616745,"z":-0.06153079494833946,"w":-0.5738561153411865},"size":1.778972864151001,"orthographic":false}